metrics,random,loo,classwise_shapley,classwise_shapley_add_idx,beta_shapley,tmc_shapley
precision_recall,0.20010110649517102,0.36033729352042904,0.6918174547011363,0.7183291148927633,0.9486650222655405,0.79168132319724
