metrics,random,loo,classwise_shapley,classwise_shapley_add_idx,beta_shapley,tmc_shapley
precision_recall,0.19333131217831528,0.26559034721372227,0.8813643864884482,0.8801576490341281,0.7334856027586036,0.8798312036832757
