metrics,random,loo,classwise_shapley,classwise_shapley_add_idx,beta_shapley,tmc_shapley
precision_recall,0.18916516028220604,0.23488932463409434,0.44658251326160203,0.4440524081914687,0.2970588062133123,0.4017676856037256
