metrics,random,loo
precision_recall,0.22795711453998624,0.234817860095475
