metrics,random,loo,classwise_shapley,classwise_shapley_add_idx,beta_shapley,tmc_shapley
precision_recall,0.20399165776834874,0.19452469657415347,0.43333872726330713,0.436543281879932,0.19452469657415347,0.19452469657415347
