metrics,random,loo,classwise_shapley,classwise_shapley_add_idx,beta_shapley,tmc_shapley
precision_recall,0.19050702940130246,0.21829426316785502,0.44805348518219357,0.4487151791818488,0.35978540638371426,0.45177672384643697
