metrics,random,loo,classwise_shapley,classwise_shapley_add_idx,beta_shapley,tmc_shapley
precision_recall,0.19050702940130246,0.21787163902686082,0.4890300323879276,0.4927781071103108,0.5786857872502796,0.4281913748378264
