metrics,random,loo,classwise_shapley,classwise_shapley_add_idx,beta_shapley,tmc_shapley
precision_recall,0.19333131217831528,0.2280170911937653,0.475379745067429,0.5157653000606812,0.4976313970556926,0.4662642040707099
