metrics,random,loo
precision_recall,0.23553460768911522,0.37584453770720494
