metrics,random,loo,classwise_shapley,classwise_shapley_add_idx,beta_shapley,tmc_shapley
precision_recall,0.2322855036211004,0.33665528962825386,0.7456989698340626,0.7481837916597919,0.7982391982514538,0.8453885885127007
