metrics,random,loo,classwise_shapley,classwise_shapley_add_idx,beta_shapley,tmc_shapley
precision_recall,0.19050702940130246,0.25526106412232497,0.7666434891628775,0.7705659313463834,0.7371274906893486,0.800368470186227
