metrics,random,loo
precision_recall,0.19624312777634573,0.26194421305507387
