metrics,random,loo
precision_recall,0.18023890212079485,0.44121919844023694
