metrics,random,loo,classwise_shapley,classwise_shapley_add_idx,beta_shapley,tmc_shapley
precision_recall,0.21607996542149197,0.300952574370746,0.9208084558385872,0.916298482996353,0.7505629080874274,0.9576703123952142
