metrics,random,loo
highest_wad_drop,0.0933204311272641,0.23710191663202487
lowest_wad_drop,0.07117167095728236,0.17577609077986728
