metrics,random,loo
highest_accuracy_drop,0.04446248292779421,0.11464461392800286
lowest_accuracy_drop,0.09142805005129084,0.329302204386895
highest_f1_weighted_drop,0.0474938193234332,0.13671308962530454
