metrics,random,loo,classwise_shapley,classwise_shapley_add_idx,beta_shapley,tmc_shapley
highest_wad_drop,0.056103851193465726,0.23948366828574563,0.3300815794120335,0.3097743987861911,0.31277710083550203,0.37226649479916707
lowest_wad_drop,0.04741047415897268,0.13872085162905928,0.06892577853518554,0.05997230173841763,0.12641517951813577,0.08410555983788612
