metrics,random,loo,classwise_shapley,classwise_shapley_add_idx,beta_shapley,tmc_shapley
precision_recall,0.19840876483439418,0.7458670174394405,0.8137143741840244,0.8029121697978732,0.7144766473257613,0.8646829498405237
