metrics,random,loo,classwise_shapley,classwise_shapley_add_idx,beta_shapley,tmc_shapley
precision_recall,0.19840876483439418,0.43474881968107404,0.9280464799763125,0.8551558791605075,0.8995325097974477,0.8546003139192829
