metrics,random,loo,classwise_shapley,classwise_shapley_add_idx,beta_shapley,tmc_shapley
precision_recall,0.19333131217831528,0.4253311536886937,0.8087558449166824,0.8044298156352103,0.6857845247662948,0.874764526348717
