recall,precision
0.04,1.0
0.08,1.0
0.12,1.0
0.16,1.0
0.2,1.0
0.24,1.0
0.28,1.0
0.32,1.0
0.36,1.0
0.4,0.9090909090909091
0.44,0.9166666666666666
0.48,0.9230769230769231
0.52,0.9285714285714286
0.56,0.9333333333333333
0.6,0.9375
0.64,0.9411764705882353
0.68,0.9444444444444444
0.72,0.6923076923076923
0.76,0.7037037037037037
0.8,0.5128205128205128
0.84,0.4375
0.88,0.4230769230769231
0.92,0.4107142857142857
0.96,0.4067796610169492
1.0,0.38461538461538464
