metrics,random,loo,classwise_shapley,classwise_shapley_add_idx,beta_shapley,tmc_shapley
precision_recall,0.19115534758247937,0.3342790509315684,0.4070386782968522,0.42734118883182404,0.6237103820317269,0.6051595999349324
