metrics,random,loo,classwise_shapley,classwise_shapley_add_idx,beta_shapley,tmc_shapley
precision_recall,0.22441369654301924,0.17485922307920232,0.7183274594053329,0.7102057936478569,0.6126134036694366,0.7735190021515297
