metrics,random,loo
precision_recall,0.1753537481354249,0.3178812633684608
