metrics,random,loo
precision_recall,0.2585970051003885,0.1446285249529961
