metrics,random,loo,classwise_shapley,classwise_shapley_add_idx,beta_shapley,tmc_shapley
precision_recall,0.16096790019869556,0.2466544450198636,0.5126800640696665,0.4772151537540154,0.35482022590735407,0.5176649632804398
