metrics,random,loo,classwise_shapley,classwise_shapley_add_idx,beta_shapley,tmc_shapley
precision_recall,0.21607996542149197,0.37701322197485276,0.867568276328439,0.870967506699998,0.7417435625286882,0.9148615640575017
