metrics,random,loo
highest_accuracy_drop,0.03776681496295239,0.16317724584025006
lowest_accuracy_drop,0.061971746642859836,0.12342834853818066
highest_f1_weighted_drop,0.03399980278916691,0.17178218391663014
