metrics,random,loo,classwise_shapley,classwise_shapley_add_idx,beta_shapley,tmc_shapley
highest_wad_drop,0.0705498199256738,0.16969252157666478,0.35189256140333713,0.3444861585950899,0.27492628542939823,0.4502061486608769
lowest_wad_drop,0.04844919726558798,0.0887997346742477,0.029257717529939366,0.025988428093193957,0.1044032464823352,0.04667654055095736
