metrics,random,loo,classwise_shapley,classwise_shapley_add_idx,beta_shapley,tmc_shapley
highest_accuracy_drop,0.1013855072790027,0.16298351753806822,0.4044628321353716,0.41763517190672095,0.2644638705243398,0.363125814558679
lowest_accuracy_drop,0.059257446096730726,0.2104569340750443,0.03794889210523023,0.04662447258292721,0.06124322963387651,0.03514733158064106
highest_f1_weighted_drop,0.10855612787925001,0.1743766294893295,0.37556765268293085,0.38952570839714873,0.25315158085750067,0.3468593012683262
