metrics,random,loo
highest_wad_drop,0.0590022555014148,0.26906396746202277
lowest_wad_drop,0.0937707654158915,0.09868908997984208
