metrics,random,loo,classwise_shapley,classwise_shapley_add_idx,beta_shapley,tmc_shapley
precision_recall,0.20010110649517102,0.25783938390424244,0.42308133652605684,0.4095435545078735,0.5350236236249233,0.3860662302400516
