metrics,random,loo,classwise_shapley,classwise_shapley_add_idx,beta_shapley,tmc_shapley
precision_recall,0.21607996542149197,0.24329314573143362,0.7411658566610495,0.7621393010819932,0.7335452449557619,0.8160252605888344
