metrics,random,loo
highest_wad_drop,0.062246733094196274,0.16223572217503318
lowest_wad_drop,0.023033644851422737,0.08193197761433221
