metrics,random,loo,classwise_shapley,classwise_shapley_add_idx,beta_shapley,tmc_shapley
highest_accuracy_drop,0.02388990067924497,0.21379903221133295,0.33120221286098184,0.3364389767128782,0.20601064428084875,0.26987810157413583
lowest_accuracy_drop,0.007454182674681269,0.08316022188383429,-0.013549525677971658,-0.014292649761731419,0.064219310608909,-0.0011267227931032048
highest_f1_weighted_drop,0.02781936469221913,0.23214213786217136,0.3138948218630442,0.3160996332041087,0.2064959540020206,0.26356332235384566
