metrics,random,loo,classwise_shapley,classwise_shapley_add_idx,beta_shapley,tmc_shapley
highest_wad_drop,0.06695909237163147,0.21419565886220132,0.44229263542800723,0.45011831209881903,0.3380967520080433,0.4832153029799918
lowest_wad_drop,0.07781967552657684,0.168846325965601,0.053856166177716804,0.0640612885406963,0.1042450076959292,0.05140143641262147
