metrics,random,loo
highest_accuracy_drop,0.058283030879878246,0.12911693138413832
lowest_accuracy_drop,-0.0065611422240425335,0.12617242157249225
highest_f1_weighted_drop,0.05935918005932438,0.13842059733250928
