metrics,random,loo
precision_recall,0.1911950783140879,0.18504327176730342
