metrics,random,loo,classwise_shapley,classwise_shapley_add_idx,beta_shapley,tmc_shapley
precision_recall,0.23156515178183637,0.21788653411924372,0.31249484034285885,0.32598446729183583,0.4785536557202906,0.4464082147642781
