metrics,random,loo,classwise_shapley,classwise_shapley_add_idx,beta_shapley,tmc_shapley
precision_recall,0.20262190476436914,0.2686373020718699,0.49215163576416115,0.5189983780595211,0.23157400309404713,0.2634819363672519
