metrics,random,loo
precision_recall,0.17793781554907456,0.3198127965256158
