metrics,random,loo,classwise_shapley,classwise_shapley_add_idx,beta_shapley,tmc_shapley
precision_recall,0.19673628968396195,0.2384118099892869,0.5267515626282653,0.45616090454001906,0.526797376232069,0.5289081797037408
