metrics,random,loo,classwise_shapley,classwise_shapley_add_idx,beta_shapley,tmc_shapley
precision_recall,0.19328531357609247,0.19430616168071763,0.4171348872247127,0.43376548636334755,0.19430616168071763,0.19430616168071763
