metrics,random,loo,classwise_shapley,classwise_shapley_add_idx,beta_shapley,tmc_shapley
precision_recall,0.22015392273544593,0.3320109370616656,0.4085491450251001,0.4161276912904611,0.26837487919989733,0.43248168016062793
