metrics,random,loo
precision_recall,0.20816091355516272,0.2418564006709601
