metrics,random,loo,classwise_shapley,classwise_shapley_add_idx,beta_shapley,tmc_shapley
precision_recall,0.19840876483439418,0.2276229550956015,0.520916195479335,0.5056311698326885,0.4151224115839827,0.5692381840880584
