metrics,random,loo,classwise_shapley,classwise_shapley_add_idx,beta_shapley,tmc_shapley
precision_recall,0.20010110649517102,0.18928210038764665,0.8563345914753475,0.8531543062471925,0.8414610955789371,0.8193096253589551
