metrics,random,loo,classwise_shapley,classwise_shapley_add_idx,beta_shapley,tmc_shapley
highest_wad_drop,0.09231687842959535,0.2668380113755439,0.23799644188386726,0.2695272906924102,0.34785806187137863,0.41839193906225075
lowest_wad_drop,0.0278640261878162,0.20547422655944286,0.06296817793118725,0.057298628269241474,0.1591433081916265,0.05507103538732979
