metrics,random,loo,classwise_shapley,classwise_shapley_add_idx,beta_shapley,tmc_shapley
highest_accuracy_drop,0.10969881108673843,0.14521811290369055,0.24099722261697537,0.17729902907851228,0.2784848099094634,0.249022188397912
lowest_accuracy_drop,0.08936429043917668,0.19982542294533076,0.14936965151076834,0.14888286648340762,0.4051552490095032,0.4034351678265676
highest_f1_drop,0.3151667647255158,0.24500782507013724,0.12438519757791172,0.06191828910501912,1.0983504443450984,1.01342112634129
