metrics,random,loo,classwise_shapley,classwise_shapley_add_idx,beta_shapley,tmc_shapley
highest_accuracy_drop,0.0458633760047976,0.16569516371764945,0.1903417387631291,0.16618460237743893,0.19365531715190384,0.18113770489156267
lowest_accuracy_drop,0.03494663035159501,0.08295382138675206,-0.004560437138147227,-0.013191287831814412,0.05358904396140047,-0.0038340241299012817
highest_f1_weighted_drop,0.04886036257462142,0.1472523042300726,0.1742636423824442,0.1495200245909052,0.21136788662972808,0.17755115821004416
