metrics,random,loo
highest_wad_drop,0.03162972907091898,0.12033011085660301
lowest_wad_drop,0.032084277046209794,0.09795122810614619
