metrics,random,loo,classwise_shapley,classwise_shapley_add_idx,beta_shapley,tmc_shapley
precision_recall,0.19840876483439418,0.26778537068254993,0.5421124672331621,0.5575884013707427,0.575581444509572,0.46058978661855093
