metrics,random,loo,classwise_shapley,classwise_shapley_add_idx,beta_shapley,tmc_shapley
precision_recall,0.21607996542149197,0.24708071418996091,0.4700954137673091,0.4781231313223771,0.3620707860213837,0.5329316348381326
