metrics,random,loo
highest_wad_drop,0.00886322311032264,0.0438307936317545
lowest_wad_drop,0.008603452048129501,0.015835003136106435
