metrics,random,loo,classwise_shapley,classwise_shapley_add_idx,beta_shapley,tmc_shapley
highest_accuracy_drop,0.008669734052145241,0.2863537135584866,0.11812355244719974,0.11842044287183272,0.0667295345769237,0.11253772504208792
lowest_accuracy_drop,0.018370149394434578,0.1465972069623581,0.02381266607216941,0.03438839264616379,0.028288267102490224,0.02584324399354576
highest_f1_weighted_drop,0.009390512956501854,0.3611883016226222,0.13539824517594418,0.13806742948362244,0.06894075416347605,0.11686685510369278
