metrics,random,loo,classwise_shapley,classwise_shapley_add_idx,beta_shapley,tmc_shapley
highest_wad_drop,0.030945603512304663,0.2442448100093947,0.12187302884827649,0.1284565521412348,0.11127833541338224,0.1953031474222489
lowest_wad_drop,-0.0029438488333259905,0.06941167094030526,0.008215931272260363,0.009755397403773028,0.002796019061241479,0.036474732197526685
