metrics,random,loo,classwise_shapley,classwise_shapley_add_idx,beta_shapley,tmc_shapley
precision_recall,0.19333131217831528,0.25141639694767604,0.602450412782992,0.6007286799856925,0.4774985729225981,0.6575864946513125
