metrics,random,loo
precision_recall,0.20153302105301152,0.3225485917276551
