metrics,random,loo,classwise_shapley,classwise_shapley_add_idx,beta_shapley,tmc_shapley
precision_recall,0.19840876483439418,0.3221662151009603,0.7757006127577201,0.780133347981115,0.6775000935793101,0.7713384326440711
