metrics,random,loo
precision_recall,0.2144967952114689,0.37957557669773073
