metrics,random,loo,classwise_shapley,classwise_shapley_add_idx,beta_shapley,tmc_shapley
precision_recall,0.2025482447927758,0.3385164459943494,0.794557600159684,0.7961923574058121,0.7938065064136383,0.8474487516092074
