metrics,random,loo
precision_recall,0.19328220145670844,0.1529404172782376
