metrics,random,loo,classwise_shapley,classwise_shapley_add_idx,beta_shapley,tmc_shapley
precision_recall,0.19050702940130246,0.4341604376844409,0.8776151200234871,0.8809098929605547,0.7797816511584962,0.9105566079280256
