metrics,random,loo,classwise_shapley,classwise_shapley_add_idx,beta_shapley,tmc_shapley
precision_recall,0.20046949039106038,0.2146452122944769,0.4058543574508552,0.40029019284609996,0.2146452122944769,0.2146452122944769
