metrics,random,loo,classwise_shapley,classwise_shapley_add_idx,beta_shapley,tmc_shapley
precision_recall,0.20010110649517102,0.24156608241799146,0.46659009960854403,0.44723017093863626,0.3324365807786304,0.5267345168052338
