metrics,random,loo
precision_recall,0.2227045782289721,0.24768633336653906
