metrics,random,loo,classwise_shapley,classwise_shapley_add_idx,beta_shapley,tmc_shapley
precision_recall,0.193795671236583,0.2676078114605417,0.4690383960092665,0.4631212575460998,0.3348907813194959,0.4906168204343268
