metrics,random,loo
highest_wad_drop,0.021119535274045427,0.1611546701361496
lowest_wad_drop,0.027635715640740258,0.08198878398578655
