metrics,random,loo,classwise_shapley,classwise_shapley_add_idx,beta_shapley,tmc_shapley
highest_accuracy_drop,0.017142151449848965,0.09419373208441914,0.13839247008657699,0.14744887185067052,0.17313241845527969,0.19065545615034676
lowest_accuracy_drop,0.022163330885021208,0.05514972191968598,0.02490342363896309,0.03172856294438662,0.2942767939984632,0.2886352544943588
highest_f1_drop,0.017559622446971616,0.11454004570398989,0.11587499786146299,0.12789464356843408,0.24884187014799897,0.2759500624106124
