metrics,random,loo,classwise_shapley,classwise_shapley_add_idx,beta_shapley,tmc_shapley
highest_accuracy_drop,0.03230355163005376,0.1669609765346915,0.1407117593003563,0.12292009845565013,0.08387967782187612,0.13023114538853187
lowest_accuracy_drop,0.0215939825951343,0.03950215278946603,0.024577092781399048,0.017536455039762054,-0.0013122483342136067,-0.012500223363729558
highest_f1_weighted_drop,0.033889616818468346,0.17281414479446994,0.15902816220109112,0.14030041067269922,0.08702887803461332,0.13168118428748596
