metrics,random,loo,classwise_shapley,classwise_shapley_add_idx,beta_shapley,tmc_shapley
highest_wad_drop,0.009886435915475719,0.23821860679045392,0.11076639577194027,0.1051679158874497,0.10368783302639337,0.13468171207755542
lowest_wad_drop,0.031124308909974634,0.0855842793175581,0.024159582993585192,0.0320588224072846,0.020361199767429703,0.02224884640417219
