metrics,random,loo,classwise_shapley,classwise_shapley_add_idx,beta_shapley,tmc_shapley
precision_recall,0.19840876483439418,0.2114115220053097,0.674250826044411,0.6798083147752744,0.5286455252509341,0.680434063862437
