recall,precision
0.0,0.0
0.01,0.5
0.02,0.6666666666666666
0.03,0.75
0.04,0.8
0.05,0.8333333333333334
0.06,0.8571428571428571
0.07,0.875
0.08,0.8888888888888888
0.09,0.9
0.1,0.9090909090909091
0.11,0.9166666666666666
0.12,0.9230769230769231
0.13,0.9285714285714286
0.14,0.9333333333333333
0.15,0.9375
0.16,0.9411764705882353
0.17,0.9444444444444444
0.18,0.9473684210526315
0.19,0.95
0.2,0.9523809523809523
0.21,0.9545454545454546
0.22,0.9565217391304348
0.23,0.9583333333333334
0.24,0.96
0.25,0.9615384615384616
0.26,0.9629629629629629
0.27,0.9642857142857143
0.28,0.9655172413793104
0.29,0.9666666666666667
0.3,0.967741935483871
0.31,0.96875
0.32,0.9696969696969697
0.33,0.9705882352941176
0.34,0.9714285714285714
0.35,0.9722222222222222
0.36,0.972972972972973
0.37,0.9736842105263158
0.38,0.9743589743589743
0.39,0.975
0.4,0.975609756097561
0.41,0.9761904761904762
0.42,0.9767441860465116
0.43,0.9772727272727273
0.44,0.9777777777777777
0.45,0.9574468085106383
0.46,0.9583333333333334
0.47,0.9591836734693877
0.48,0.96
0.49,0.9607843137254902
0.5,0.9615384615384616
0.51,0.9622641509433962
0.52,0.9629629629629629
0.53,0.9636363636363636
0.54,0.9642857142857143
0.55,0.9649122807017544
0.56,0.9655172413793104
0.57,0.9344262295081968
0.58,0.90625
0.59,0.8428571428571429
0.6,0.8450704225352113
0.61,0.8133333333333334
0.62,0.8051948051948052
0.63,0.7974683544303798
0.64,0.8
0.65,0.8024691358024691
0.66,0.8048780487804879
0.67,0.8072289156626506
0.68,0.8095238095238095
0.69,0.8117647058823529
0.7,0.813953488372093
0.71,0.8160919540229885
0.72,0.8181818181818182
0.73,0.8202247191011236
0.74,0.8222222222222222
0.75,0.8241758241758241
0.76,0.8260869565217391
0.77,0.8279569892473119
0.78,0.8297872340425532
0.79,0.8315789473684211
0.8,0.8333333333333334
0.81,0.8350515463917526
0.82,0.8367346938775511
0.83,0.8383838383838383
0.84,0.84
0.85,0.8415841584158416
0.86,0.8431372549019608
0.87,0.8446601941747572
0.88,0.8461538461538461
0.89,0.8476190476190476
0.9,0.8490566037735849
0.91,0.8504672897196262
0.92,0.8518518518518519
0.93,0.768595041322314
0.94,0.7642276422764228
0.95,0.6985294117647058
0.96,0.6530612244897959
0.97,0.5914634146341463
0.98,0.4558139534883721
0.99,0.4194915254237288
1.0,0.3401360544217687
