metrics,random,loo,classwise_shapley,classwise_shapley_add_idx,beta_shapley,tmc_shapley
precision_recall,0.21607996542149197,0.19409045663809552,0.862689177910847,0.9070587336192123,0.7537036873166537,0.7892509812935653
