metrics,random,loo,classwise_shapley,classwise_shapley_add_idx,beta_shapley,tmc_shapley
precision_recall,0.21607996542149197,0.25225779260077774,0.4146789809003425,0.4172867496317157,0.5415818780733337,0.37937595329478574
