metrics,random,loo,classwise_shapley,classwise_shapley_add_idx,beta_shapley,tmc_shapley
precision_recall,0.19840876483439418,0.28665802447190303,0.9112534888592927,0.8341792522272574,0.837980911979125,0.7622753979450794
