metrics,random,loo,classwise_shapley,classwise_shapley_add_idx,beta_shapley,tmc_shapley
precision_recall,0.19333131217831528,0.2123937010932094,0.45110056548212013,0.4419361177870569,0.31379502266656406,0.4921611776857333
