metrics,random,loo
highest_wad_drop,-0.004446855888572755,0.15562046940176874
lowest_wad_drop,0.013337239153890245,0.03831766936989376
