metrics,random,loo,classwise_shapley,classwise_shapley_add_idx,beta_shapley,tmc_shapley
highest_accuracy_drop,0.07185785638710399,0.21163905837253996,0.32838696585086224,0.3388612942268061,0.20571338669279796,0.2665357765906161
lowest_accuracy_drop,0.05344935471265783,0.12203737302431188,0.04257169717743633,0.04110229504288974,0.3032402747813393,0.3010300534134563
highest_f1_drop,0.04561201281820503,0.43256538993039034,0.25948298386573415,0.21941111306212488,1.0329067732950363,1.1994296558167143
