metrics,random,loo,classwise_shapley,classwise_shapley_add_idx,beta_shapley,tmc_shapley
highest_accuracy_drop,0.10475974404709383,0.3513644186810481,0.5373560741827641,0.5361379254478891,0.43579442148098535,0.497348589088237
lowest_accuracy_drop,0.1602133242787421,0.31558447733016426,0.17143862167543136,0.17706878410219828,0.1396881134768295,0.1567155777594578
highest_f1_weighted_drop,0.09600061480235905,0.33356358886692666,0.5071548460349024,0.512639474002493,0.48524996382247015,0.49071512194973316
