metrics,random,loo,classwise_shapley,classwise_shapley_add_idx,beta_shapley,tmc_shapley
precision_recall,0.20977635637314412,0.29696923259057645,0.4253855438949167,0.4077083110676065,0.4526346445188455,0.45774818927546634
