metrics,random,loo,classwise_shapley,classwise_shapley_add_idx,beta_shapley,tmc_shapley
precision_recall,0.19050702940130246,0.20576404656351102,0.9053355322492163,0.9024290921281758,0.8151910614575127,0.7755305775686214
