metrics,random,loo,classwise_shapley,classwise_shapley_add_idx,beta_shapley,tmc_shapley
highest_accuracy_drop,0.04376850531113056,-0.015361092800812234,0.28490336127523364,0.27992069830415506,0.1390588550555407,0.16155138706283975
lowest_accuracy_drop,-0.003185187899123794,0.2251739284877145,0.011749586866194834,0.011144704340629065,0.2526883357540489,0.2780861651359618
highest_f1_drop,0.03582297847382257,0.12233728374094016,0.14688906106043279,0.14068125907619605,0.9239937376154637,1.0051804851762856
