metrics,random,loo,classwise_shapley,classwise_shapley_add_idx,beta_shapley,tmc_shapley
highest_accuracy_drop,0.026937901277456603,0.11209488834061322,0.2517001268323608,0.22275678053176545,0.154141305068828,0.2863894053264768
lowest_accuracy_drop,0.024645544236996053,0.12736054583265266,-0.05711435544657273,-0.062062721895234214,0.047000392573896065,0.05241781500051544
highest_f1_weighted_drop,0.037337161425381245,0.0718344606044767,0.23463952526929563,0.20053924566251044,0.14008274258651668,0.28114628876069636
