metrics,random,loo,classwise_shapley,classwise_shapley_add_idx,beta_shapley,tmc_shapley
highest_wad_drop,0.09586451790170128,0.10487632227374621,0.29944867434865957,0.380688166709983,0.3629014505566466,0.4811598685777612
lowest_wad_drop,0.03611050741302869,0.1682086726452403,0.04832750632829915,0.029833867027409332,0.1531805494216169,0.05568603599364796
