metrics,random,loo
highest_wad_drop,0.012706844261740586,0.0344080151344039
lowest_wad_drop,0.05399598996132052,0.2206359684269999
