metrics,random,loo,classwise_shapley,classwise_shapley_add_idx,beta_shapley,tmc_shapley
precision_recall,0.20010110649517102,0.44370255474084,0.7971091242317389,0.7835173269391456,0.7414890363423695,0.8708685001258207
