metrics,random,loo,classwise_shapley,classwise_shapley_add_idx,beta_shapley,tmc_shapley
precision_recall,0.21607996542149197,0.23983101956149544,0.7330482674585681,0.7443709767258073,0.9531185503470961,0.8271368580362242
