recall,precision
0.04,1.0
0.08,1.0
0.12,1.0
0.16,1.0
0.2,1.0
0.24,1.0
0.28,1.0
0.32,0.8
0.36,0.8181818181818182
0.4,0.7692307692307693
0.44,0.7857142857142857
0.48,0.6
0.52,0.6190476190476191
0.56,0.5185185185185185
0.6,0.45454545454545453
0.64,0.4444444444444444
0.68,0.4594594594594595
0.72,0.47368421052631576
0.76,0.4634146341463415
0.8,0.47619047619047616
0.84,0.42
0.88,0.4230769230769231
0.92,0.3484848484848485
0.96,0.2553191489361702
1.0,0.2
