recall,precision
0.04,1.0
0.08,0.5
0.12,0.6
0.16,0.6666666666666666
0.2,0.7142857142857143
0.24,0.6666666666666666
0.28,0.7
0.32,0.7272727272727273
0.36,0.6428571428571429
0.4,0.625
0.44,0.6111111111111112
0.48,0.6
0.52,0.6190476190476191
0.56,0.4375
0.6,0.3409090909090909
0.64,0.3076923076923077
0.68,0.3090909090909091
0.72,0.3103448275862069
0.76,0.296875
0.8,0.273972602739726
0.84,0.25925925925925924
0.88,0.25287356321839083
0.92,0.25842696629213485
0.96,0.25263157894736843
1.0,0.25
