metrics,random,loo,classwise_shapley,classwise_shapley_add_idx,beta_shapley,tmc_shapley
precision_recall,0.24904934083913688,0.21908072805023115,0.4342241560856924,0.4346337838573523,0.5431702097118652,0.6077581643451699
