metrics,random,loo,classwise_shapley,classwise_shapley_add_idx,beta_shapley,tmc_shapley
precision_recall,0.20010110649517102,0.2142190770207814,0.6918058762489335,0.6975605730695961,0.5536852709361237,0.7931100935518764
