metrics,random,loo,classwise_shapley,classwise_shapley_add_idx,beta_shapley,tmc_shapley
precision_recall,0.19333131217831528,0.31461294415324453,0.714453126050611,0.7118936617793601,0.7002435666324779,0.7834157794121137
