metrics,random,loo,classwise_shapley,classwise_shapley_add_idx,beta_shapley,tmc_shapley
precision_recall,0.19333131217831528,0.33746862460609955,0.7929101156417746,0.7823357947123072,0.8947513593956679,0.8011397930640325
