metrics,random,loo,classwise_shapley,classwise_shapley_add_idx,beta_shapley,tmc_shapley
precision_recall,0.20010110649517102,0.3601043368735646,0.843453958002108,0.855898248815234,0.7450902036117327,0.8457958079417096
