metrics,random,loo
precision_recall,0.19701300978622813,0.3493594706220819
