metrics,random,loo
precision_recall,0.1714316531134314,0.3707313863597213
