metrics,random,loo
precision_recall,0.24122729817096095,0.3121225872954606
