metrics,random,loo,classwise_shapley,classwise_shapley_add_idx,beta_shapley,tmc_shapley
precision_recall,0.19050702940130246,0.24471206269207862,0.7385118403570523,0.7317241808642595,0.9293484942194267,0.8211165390679468
