metrics,random,loo,classwise_shapley,classwise_shapley_add_idx,beta_shapley,tmc_shapley
precision_recall,0.19333131217831528,0.19077317145033285,0.9089158242331096,0.8937111496090074,0.8143842687747447,0.7815925290759477
