metrics,random,loo,classwise_shapley,classwise_shapley_add_idx,beta_shapley,tmc_shapley
precision_recall,0.21607996542149197,0.26114390207763555,0.6192236162359839,0.6132375936270611,0.47666485523774393,0.7089168473157527
