recall,precision
0.01,1.0
0.02,1.0
0.03,1.0
0.04,1.0
0.05,1.0
0.06,1.0
0.07,1.0
0.08,1.0
0.09,1.0
0.1,1.0
0.11,1.0
0.12,1.0
0.13,1.0
0.14,1.0
0.15,1.0
0.16,1.0
0.17,1.0
0.18,1.0
0.19,1.0
0.2,1.0
0.21,1.0
0.22,0.9565217391304348
0.23,0.9583333333333334
0.24,0.96
0.25,0.9615384615384616
0.26,0.9629629629629629
0.27,0.9642857142857143
0.28,0.9655172413793104
0.29,0.9666666666666667
0.3,0.967741935483871
0.31,0.96875
0.32,0.9696969696969697
0.33,0.9705882352941176
0.34,0.9714285714285714
0.35,0.9722222222222222
0.36,0.972972972972973
0.37,0.9736842105263158
0.38,0.9743589743589743
0.39,0.975
0.4,0.975609756097561
0.41,0.9761904761904762
0.42,0.9767441860465116
0.43,0.9772727272727273
0.44,0.9777777777777777
0.45,0.9782608695652174
0.46,0.9787234042553191
0.47,0.94
0.48,0.9411764705882353
0.49,0.9074074074074074
0.5,0.9090909090909091
0.51,0.9107142857142857
0.52,0.9122807017543859
0.53,0.8983050847457628
0.54,0.9
0.55,0.9016393442622951
0.56,0.9032258064516129
0.57,0.8507462686567164
0.58,0.8405797101449275
0.59,0.8082191780821918
0.6,0.7894736842105263
0.61,0.7530864197530864
0.62,0.7560975609756098
0.63,0.7411764705882353
0.64,0.7111111111111111
0.65,0.6989247311827957
0.66,0.6666666666666666
0.67,0.6504854368932039
0.68,0.6476190476190476
0.69,0.6448598130841121
0.7,0.6363636363636364
0.71,0.6068376068376068
0.72,0.5806451612903226
0.73,0.584
0.74,0.5174825174825175
0.75,0.5136986301369864
0.76,0.5066666666666667
0.77,0.5032679738562091
0.78,0.4875
0.79,0.4876543209876543
0.8,0.4678362573099415
0.81,0.4576271186440678
0.82,0.45054945054945056
0.83,0.453551912568306
0.84,0.4540540540540541
0.85,0.44502617801047123
0.86,0.43434343434343436
0.87,0.435
0.88,0.3893805309734513
0.89,0.3803418803418803
0.9,0.37344398340248963
0.91,0.3729508196721312
0.92,0.36363636363636365
0.93,0.34701492537313433
0.94,0.30718954248366015
0.95,0.3035143769968051
0.96,0.3037974683544304
0.97,0.2844574780058651
0.98,0.2792022792022792
0.99,0.21951219512195122
1.0,0.2012072434607646
