metrics,random,loo,classwise_shapley,classwise_shapley_add_idx,beta_shapley,tmc_shapley
precision_recall,0.19050702940130246,0.3934273093839029,0.9261264490497126,0.9314190304483386,0.7600046624402885,0.9327993847587077
