metrics,random,loo,classwise_shapley,classwise_shapley_add_idx,beta_shapley,tmc_shapley
precision_recall,0.19050702940130246,0.41174057507131423,0.6199707771577851,0.6223758160656494,0.46875716618626506,0.6499845036477466
