metrics,random,loo,classwise_shapley,classwise_shapley_add_idx,beta_shapley,tmc_shapley
precision_recall,0.2135975511573938,0.25377345201129053,0.5122158914489415,0.46748672293324767,0.5500147086600198,0.6688055058319236
