metrics,random,loo
precision_recall,0.25930866099738253,0.41065098033168324
