metrics,random,loo,classwise_shapley,classwise_shapley_add_idx,beta_shapley,tmc_shapley
precision_recall,0.17068114497090092,0.26701453067939795,0.537302563220811,0.5189135381857314,0.5856992449325897,0.5839230761581367
