metrics,random,loo
precision_recall,0.143830194566404,0.2781168135328077
