metrics,random,loo,classwise_shapley,classwise_shapley_add_idx,beta_shapley,tmc_shapley
precision_recall,0.20848034406955301,0.2434645886581075,0.5299848119954302,0.5275431730045709,0.1784680882570736,0.21683644920738937
