metrics,random,loo,classwise_shapley,classwise_shapley_add_idx,beta_shapley,tmc_shapley
highest_accuracy_drop,0.027872077838719346,0.14905752295079616,0.18543788669500824,0.18723546341774866,0.24211819978901383,0.3068434309109609
lowest_accuracy_drop,0.055078337617248035,0.12965960685610944,0.05686400663729658,0.06209870920290901,0.2760577728922514,0.26855221201282437
highest_f1_drop,0.028399887579966494,0.13960889604684346,0.15986579715758564,0.17397351554589072,0.33941212069806503,0.42313187749310355
