metrics,random,loo,classwise_shapley,classwise_shapley_add_idx,beta_shapley,tmc_shapley
highest_accuracy_drop,0.02332598074304949,0.14537179703474926,0.14271687497338248,0.14686278124360985,0.05856872498495928,0.08834858553721214
lowest_accuracy_drop,0.008911463343754259,0.056846290963426895,-0.015373612063553239,-0.013391250172502004,0.009401288121302379,0.004972863955583932
highest_f1_weighted_drop,0.02394650259433193,0.1529742833816915,0.15282257945545424,0.15683357410207838,0.06098251023604829,0.09126562914962866
