metrics,random,loo
highest_wad_drop,0.01809374526944801,0.20988118135047418
lowest_wad_drop,-0.007051797551960896,0.1142883785435566
